sku,name,category,brand,shortDescription,image,availability,priceRange,tags
VAP-DRV-001,Variable Frequency Drive,AC Drives,Multi Brand,Energy efficient AC motor speed control for pumps fans compressors conveyors and machines,https://images.pexels.com/photos/257700/pexels-photo-257700.jpeg,Available on enquiry,"₹8,000 – ₹1,50,000",drive inverter vfd
VAP-DRV-002,Servo Drive and Motor Set,Motion Control,Multi Brand,Servo drive package for accurate positioning packaging and automation machines,https://images.pexels.com/photos/3912992/pexels-photo-3912992.jpeg,Available on enquiry,"₹25,000 – ₹3,00,000",servo motion motor
VAP-PLC-001,PLC Control System,PLC and HMI,Multi Brand,Programmable control system for machine automation line control and process logic,https://images.pexels.com/photos/159298/gears-cogs-machine-machinery-159298.jpeg,Available on enquiry,"₹5,000 – ₹2,00,000",plc automation controller
VAP-HMI-001,HMI Operator Panel,PLC and HMI,Multi Brand,Touch operator interface for industrial machines control panels and monitoring,,Available on enquiry,"₹8,000 – ₹80,000",hmi display panel
VAP-PNL-001,Automation Control Panel,Control Panels,Vinayak Automation,Custom built control panel for industrial automation starters drives and protection,https://images.pexels.com/photos/236089/pexels-photo-236089.jpeg,Made to order,Quoted on specification,control panel electrical panel
VAP-MTR-001,Industrial Electric Motor,Motors,Multi Brand,Electric motors for industrial machines pumps compressors blowers and conveyors,https://images.pexels.com/photos/162553/keys-workshop-mechanic-tools-162553.jpeg,Available on enquiry,"₹3,000 – ₹2,00,000",motor industrial
VAP-SNS-001,Proximity Sensor,Sensors,Multi Brand,Industrial proximity sensor for detection counting position feedback and automation safety,,Available on enquiry,"₹500 – ₹8,000",sensor proximity
VAP-ENC-001,Rotary Encoder,Sensors,Multi Brand,Encoder for speed position and motion feedback in automation applications,,Available on enquiry,"₹1,500 – ₹15,000",encoder sensor feedback
VAP-TXF-001,Control Transformer,Transformers,Multi Brand,Industrial transformer for control panel and machine power supply applications,https://images.pexels.com/photos/442150/pexels-photo-442150.jpeg,Available on enquiry,"₹2,000 – ₹50,000",transformer control
VAP-SRV-001,Electrical Repair Service,Services,Vinayak Automation,Repair and troubleshooting support for automation products panels drives and machines,https://images.pexels.com/photos/257736/pexels-photo-257736.jpeg,Service enquiry,Quoted on scope,repair service troubleshooting
